quarter,channel,type,spend,impressions,input_value,inc_rev_aligned,roas_aligned,inc_rev_realized,roas_realized_wonky,eff_per_input_unit,tail_truncated,roas_aligned_lo,roas_aligned_hi,inc_rev_lo,inc_rev_hi,exported_at
2023Q1,Celebs,non_media,,,0.0,,,0.0,,,False,,,0.0,0.0,2026-05-25 14:11:04
2023Q1,Email_sends,non_media,,,0.0,,,0.0,,,False,,,0.0,0.0,2026-05-25 14:11:04
2023Q1,Redemptions_Birthday_Signup,non_media,,,5600.1900000000005,,,1730648.375,,309.03386760092064,False,,,-4943678.5,8419965.0,2026-05-25 14:11:04
2023Q1,Redemptions_Other,non_media,,,3242.04,,,73105.671875,,22.54928127814586,False,,,-1241567.0,1380770.5,2026-05-25 14:11:04
2023Q1,StoreCount,non_media,,,125.06593406593407,,,15756299.0,,125983.9389333099,False,,,3493510.25,27879490.0,2026-05-25 14:11:04
2023Q1,Vault_Drops,non_media,,,4.0,,,646956.9375,,161739.234375,False,,,-836028.8125,2142053.25,2026-05-25 14:11:04
2023Q1,Amex,paid,0.0,0.0,,0.0,,0.0,,,False,,,,,2026-05-25 14:11:04
2023Q1,Meta,paid,172134.28,44718467.0,,1397619.5,8.119356155395508,1257675.375,7.306362152099609,,False,3.719148874282837,15.02740478515625,,,2026-05-25 14:11:04
2023Q1,PMAX,paid,139409.31,86465159.0,,1006201.25,7.217604160308838,898281.0,6.443479061126709,,False,2.9701452255249023,14.1610107421875,,,2026-05-25 14:11:04
2023Q1,Search,paid,217837.75,376471.0,,860877.0625,3.951918601989746,764462.1875,3.5093190670013428,,False,2.368528127670288,6.089138031005859,,,2026-05-25 14:11:04
2023Q1,Video_Epsilon,paid,0.0,0.0,,0.0,,0.0,,,False,,,,,2026-05-25 14:11:04
2023Q1,Video_Google,paid,122.62,74175.0,,20250.962890625,165.15219116210938,20250.962890625,165.15219116210938,,False,62.92570495605469,335.2552490234375,,,2026-05-25 14:11:04
2023Q1,Video_Hulu,paid,0.0,0.0,,0.0,,0.0,,,False,,,,,2026-05-25 14:11:04
2023Q1,Video_MNTN,paid,0.0,0.0,,0.0,,0.0,,,False,,,,,2026-05-25 14:11:04
2023Q1,Video_Paramount,paid,0.0,0.0,,0.0,,0.0,,,False,,,,,2026-05-25 14:11:04
2023Q1,ALL_PAID (blended),paid_blend,529503.96,131634272.0,,3284948.775390625,6.203822867331578,2940669.525390625,5.553630846104768,,False,,,,,2026-05-25 14:11:04
2023Q2,Celebs,non_media,,,0.0,,,0.0,,,False,,,0.0,0.0,2026-05-25 14:11:04
2023Q2,Email_sends,non_media,,,0.0,,,0.0,,,False,,,0.0,0.0,2026-05-25 14:11:04
2023Q2,Redemptions_Birthday_Signup,non_media,,,5488.3,,,1696081.5,,309.03585809813603,False,,,-4844903.5,8251736.5,2026-05-25 14:11:04
2023Q2,Redemptions_Other,non_media,,,4510.91,,,101717.0,,22.549108716423074,False,,,-1727490.5,1921178.75,2026-05-25 14:11:04
2023Q2,StoreCount,non_media,,,124.40659340659342,,,15157571.0,,121838.96837735182,False,,,3360759.5,26820102.0,2026-05-25 14:11:04
2023Q2,Vault_Drops,non_media,,,1.0,,,161739.234375,,161739.234375,False,,,-209007.203125,535513.3125,2026-05-25 14:11:04
2023Q2,Amex,paid,0.0,0.0,,0.0,,0.0,,,False,,,,,2026-05-25 14:11:04
2023Q2,Meta,paid,212611.13,43134419.0,,1382903.25,6.504378795623779,1402711.5,6.597545146942139,,False,2.9800515174865723,12.04120922088623,,,2026-05-25 14:11:04
2023Q2,PMAX,paid,164989.96,101034400.0,,1078478.25,6.536629676818848,1081956.625,6.557712078094482,,False,2.6797423362731934,12.848471641540527,,,2026-05-25 14:11:04
2023Q2,Search,paid,224029.51,424300.0,,910547.0,4.064406394958496,917601.875,4.095897197723389,,False,2.430882215499878,6.2764201164245605,,,2026-05-25 14:11:04
2023Q2,Video_Epsilon,paid,0.0,0.0,,0.0,,0.0,,,False,,,,,2026-05-25 14:11:04
2023Q2,Video_Google,paid,0.0,0.0,,0.0,,0.0,,,False,,,,,2026-05-25 14:11:04
2023Q2,Video_Hulu,paid,0.0,0.0,,0.0,,0.0,,,False,,,,,2026-05-25 14:11:04
2023Q2,Video_MNTN,paid,0.0,0.0,,0.0,,0.0,,,False,,,,,2026-05-25 14:11:04
2023Q2,Video_Paramount,paid,0.0,0.0,,0.0,,0.0,,,False,,,,,2026-05-25 14:11:04
2023Q2,ALL_PAID (blended),paid_blend,601630.6,144593119.0,,3371928.5,5.6046492648478985,3402270.0,5.655081373852992,,False,,,,,2026-05-25 14:11:04
2023Q3,Celebs,non_media,,,0.0,,,0.0,,,False,,,0.0,0.0,2026-05-25 14:11:04
2023Q3,Email_sends,non_media,,,0.0,,,0.0,,,False,,,0.0,0.0,2026-05-25 14:11:04
2023Q3,Redemptions_Birthday_Signup,non_media,,,7653.55,,,2365203.75,,309.0335530570781,False,,,-6756319.0,11507219.0,2026-05-25 14:11:04
2023Q3,Redemptions_Other,non_media,,,663.3,,,14956.9150390625,,22.549246252167197,False,,,-254014.90625,282497.3125,2026-05-25 14:11:04
2023Q3,StoreCount,non_media,,,124.60439560439562,,,15337038.0,,123085.8504277273,False,,,3400584.5,27137918.0,2026-05-25 14:11:04
2023Q3,Vault_Drops,non_media,,,5.0,,,808693.1875,,161738.6375,False,,,-1045036.0,2677566.5,2026-05-25 14:11:04
2023Q3,Amex,paid,0.0,0.0,,0.0,,0.0,,,False,,,,,2026-05-25 14:11:04
2023Q3,Meta,paid,116548.55,22860567.0,,948276.25,8.136320114135742,961716.0,8.25163459777832,,False,3.7115914821624756,15.091910362243652,,,2026-05-25 14:11:04
2023Q3,PMAX,paid,119213.64,92772313.0,,1036234.5625,8.692248344421387,1027801.1875,8.621506690979004,,False,3.5685882568359375,17.06865882873535,,,2026-05-25 14:11:04
2023Q3,Search,paid,155850.05,294680.0,,773842.4375,4.965301513671875,785438.75,5.039708137512207,,False,2.9792301654815674,7.650335311889648,,,2026-05-25 14:11:04
2023Q3,Video_Epsilon,paid,0.0,0.0,,0.0,,0.0,,,False,,,,,2026-05-25 14:11:04
2023Q3,Video_Google,paid,0.0,0.0,,0.0,,0.0,,,False,,,,,2026-05-25 14:11:04
2023Q3,Video_Hulu,paid,0.0,0.0,,0.0,,0.0,,,False,,,,,2026-05-25 14:11:04
2023Q3,Video_MNTN,paid,0.0,0.0,,0.0,,0.0,,,False,,,,,2026-05-25 14:11:04
2023Q3,Video_Paramount,paid,0.0,0.0,,0.0,,0.0,,,False,,,,,2026-05-25 14:11:04
2023Q3,ALL_PAID (blended),paid_blend,391612.24,115927560.0,,2758353.25,7.043582830812438,2774955.9375,7.085978562621025,,False,,,,,2026-05-25 14:11:04
2023Q4,Celebs,non_media,,,2.0,,,542365.75,,271182.875,False,,,27079.5,1057584.0,2026-05-25 14:11:04
2023Q4,Email_sends,non_media,,,0.0,,,0.0,,,False,,,0.0,0.0,2026-05-25 14:11:04
2023Q4,Redemptions_Birthday_Signup,non_media,,,6515.51,,,2013517.875,,309.034576725383,False,,,-5751691.0,9796162.0,2026-05-25 14:11:04
2023Q4,Redemptions_Other,non_media,,,9150.91,,,206346.921875,,22.54933354988739,False,,,-3504417.5,3897332.25,2026-05-25 14:11:04
2023Q4,StoreCount,non_media,,,125.63265306122447,,,17522410.0,,139473.37394411958,False,,,3885118.25,31004674.0,2026-05-25 14:11:04
2023Q4,Vault_Drops,non_media,,,3.0,,,485217.34375,,161739.11458333334,False,,,-627021.625,1606539.875,2026-05-25 14:11:04
2023Q4,Amex,paid,181860.0,5013660.0,,799086.8125,4.3939666748046875,700536.375,3.8520641326904297,,False,1.8194878101348877,8.596732139587402,,,2026-05-25 14:11:04
2023Q4,Meta,paid,416245.64,56508686.0,,1612334.875,3.8735179901123047,1581587.5,3.799649477005005,,False,1.7686476707458496,7.178308010101318,,,2026-05-25 14:11:04
2023Q4,PMAX,paid,351674.21,153540220.0,,1272531.0,3.6184937953948975,1281972.5,3.645341157913208,,False,1.4691051244735718,7.1458420753479,,,2026-05-25 14:11:04
2023Q4,Search,paid,367108.15,589662.0,,1054622.25,2.8727834224700928,1020020.0625,2.77852725982666,,False,1.7066731452941895,4.459079265594482,,,2026-05-25 14:11:04
2023Q4,Video_Epsilon,paid,0.0,0.0,,0.0,,0.0,,,False,,,,,2026-05-25 14:11:04
2023Q4,Video_Google,paid,4536.5599999999995,473201.0,,142306.703125,31.36885643005371,65612.4140625,14.463031768798828,,False,11.73995304107666,64.48185729980469,,,2026-05-25 14:11:04
2023Q4,Video_Hulu,paid,0.0,0.0,,0.0,,0.0,,,False,,,,,2026-05-25 14:11:04
2023Q4,Video_MNTN,paid,0.0,0.0,,0.0,,0.0,,,False,,,,,2026-05-25 14:11:04
2023Q4,Video_Paramount,paid,206747.15,7209337.0,,1078725.375,5.217607021331787,754990.375,3.651757001876831,,False,1.7851125001907349,11.531290054321289,,,2026-05-25 14:11:04
2023Q4,ALL_PAID (blended),paid_blend,1528171.71,223334766.0,,5959607.015625,3.899828125744456,5404719.2265625,3.5367224711694867,,False,,,,,2026-05-25 14:11:04
2024Q1,Celebs,non_media,,,9.0,,,2440638.25,,271182.02777777775,False,,,121857.75,4759130.0,2026-05-25 14:11:04
2024Q1,Email_sends,non_media,,,0.0,,,0.0,,,False,,,0.0,0.0,2026-05-25 14:11:04
2024Q1,Redemptions_Birthday_Signup,non_media,,,5377.25,,,1661753.375,,309.0340555116463,False,,,-4746870.5,8084768.5,2026-05-25 14:11:04
2024Q1,Redemptions_Other,non_media,,,2749.7200000000003,,,62003.7734375,,22.54912261521173,False,,,-1053027.625,1171095.75,2026-05-25 14:11:04
2024Q1,StoreCount,non_media,,,124.08791208791209,,,14868070.0,,119818.84254339355,False,,,3296600.25,26308070.0,2026-05-25 14:11:04
2024Q1,Vault_Drops,non_media,,,5.0,,,808693.1875,,161738.6375,False,,,-1045036.0,2677566.5,2026-05-25 14:11:04
2024Q1,Amex,paid,71519.99,1083864.0,,299469.28125,4.187210559844971,331037.28125,4.628597736358643,,False,1.6879266500473022,8.310819625854492,,,2026-05-25 14:11:04
2024Q1,Meta,paid,262554.73,43563015.0,,1371983.375,5.225513935089111,1373595.375,5.231653690338135,,False,2.395386219024658,9.6725435256958,,,2026-05-25 14:11:04
2024Q1,PMAX,paid,274123.43,88296530.0,,996307.4375,3.634521245956421,984776.8125,3.5924575328826904,,False,1.4952409267425537,7.129271030426025,,,2026-05-25 14:11:04
2024Q1,Search,paid,143084.45,315751.0,,798816.125,5.582829475402832,824735.0625,5.763974189758301,,False,3.351313829421997,8.5946044921875,,,2026-05-25 14:11:04
2024Q1,Video_Epsilon,paid,0.0,0.0,,0.0,,0.0,,,False,,,,,2026-05-25 14:11:04
2024Q1,Video_Google,paid,125.56,20044.0,,9298.7373046875,74.05812072753906,85993.78125,684.8820190429688,,False,25.700063705444336,160.44244384765625,,,2026-05-25 14:11:04
2024Q1,Video_Hulu,paid,0.0,0.0,,0.0,,0.0,,,False,,,,,2026-05-25 14:11:04
2024Q1,Video_MNTN,paid,34453.55,1570473.0,,352390.75,10.227994918823242,141885.515625,4.118168354034424,,False,3.788076877593994,21.136520385742188,,,2026-05-25 14:11:04
2024Q1,Video_Paramount,paid,70275.86,2479080.0,,417077.15625,5.93485689163208,489826.78125,6.970057487487793,,False,2.033820629119873,13.083970069885254,,,2026-05-25 14:11:04
2024Q1,ALL_PAID (blended),paid_blend,856137.57,137328757.0,,4245342.8623046875,4.958715761422184,4231850.609375,4.9429563164422285,,False,,,,,2026-05-25 14:11:04
2024Q2,Celebs,non_media,,,2.0,,,542365.75,,271182.875,False,,,27079.5,1057584.0,2026-05-25 14:11:04
2024Q2,Email_sends,non_media,,,660939.0,,,203144.75,,0.3073577894480429,False,,,86779.25,319137.5,2026-05-25 14:11:04
2024Q2,Redemptions_Birthday_Signup,non_media,,,5548.22,,,1714590.875,,309.0344065303827,False,,,-4897800.5,8341826.0,2026-05-25 14:11:04
2024Q2,Redemptions_Other,non_media,,,3829.8599999999997,,,86360.0625,,22.54914344127462,False,,,-1466677.625,1631119.375,2026-05-25 14:11:04
2024Q2,StoreCount,non_media,,,126.0,,,16604368.0,,131780.6984126984,False,,,3681568.5,29380278.0,2026-05-25 14:11:04
2024Q2,Vault_Drops,non_media,,,7.0,,,1132175.125,,161739.30357142858,False,,,-1463050.375,3748593.0,2026-05-25 14:11:04
2024Q2,Amex,paid,39360.0,722575.0,,200721.265625,5.099625587463379,266413.84375,6.768644332885742,,False,2.052616834640503,10.125701904296875,,,2026-05-25 14:11:04
2024Q2,Meta,paid,255443.54,39672407.0,,1324043.25,5.183310508728027,1333172.375,5.219048976898193,,False,2.376908540725708,9.585123062133789,,,2026-05-25 14:11:04
2024Q2,PMAX,paid,273843.01,76448868.0,,948548.25,3.4638397693634033,969494.0625,3.540328025817871,,False,1.4294248819351196,6.793642520904541,,,2026-05-25 14:11:04
2024Q2,Search,paid,112380.8,282757.0,,759878.625,6.761641025543213,765104.25,6.808140277862549,,False,4.055046558380127,10.41494369506836,,,2026-05-25 14:11:04
2024Q2,Video_Epsilon,paid,0.0,0.0,,0.0,,0.0,,,False,,,,,2026-05-25 14:11:04
2024Q2,Video_Google,paid,942.93,306785.0,,100469.03125,106.5498275756836,86470.9140625,91.7044906616211,,False,39.06716537475586,222.64932250976562,,,2026-05-25 14:11:04
2024Q2,Video_Hulu,paid,0.0,0.0,,0.0,,0.0,,,False,,,,,2026-05-25 14:11:04
2024Q2,Video_MNTN,paid,112558.08,5785994.0,,866311.4375,7.696572780609131,753868.5,6.697595596313477,,False,2.851940155029297,15.942410469055176,,,2026-05-25 14:11:04
2024Q2,Video_Paramount,paid,33103.44,1153255.0,,232765.125,7.031447887420654,474074.59375,14.321006774902344,,False,2.395986557006836,15.525993347167969,,,2026-05-25 14:11:04
2024Q2,ALL_PAID (blended),paid_blend,827631.8,124372641.0,,4432736.984375,5.355928789076253,4648598.5390625,5.616747132073103,,False,,,,,2026-05-25 14:11:04
2024Q3,Celebs,non_media,,,6.0,,,1627088.75,,271181.4583333333,False,,,81238.5,3172753.0,2026-05-25 14:11:04
2024Q3,Email_sends,non_media,,,18784367.0,,,5773511.5,,0.307357256169452,False,,,2466351.0,9070119.0,2026-05-25 14:11:04
2024Q3,Redemptions_Birthday_Signup,non_media,,,6234.11,,,1926542.875,,309.0325443407319,False,,,-5503282.5,9373073.0,2026-05-25 14:11:04
2024Q3,Redemptions_Other,non_media,,,1349.01,,,30419.19140625,,22.549270506704918,False,,,-516614.8125,574538.875,2026-05-25 14:11:04
2024Q3,StoreCount,non_media,,,126.17582417582415,,,16764119.0,,132863.16225396274,False,,,3716968.5,29662778.0,2026-05-25 14:11:04
2024Q3,Vault_Drops,non_media,,,5.0,,,808693.1875,,161738.6375,False,,,-1045036.0,2677566.5,2026-05-25 14:11:04
2024Q3,Amex,paid,0.0,0.0,,0.0,,1289.0098876953125,,,False,,,,,2026-05-25 14:11:04
2024Q3,Meta,paid,165188.57,25809815.0,,1029358.5625,6.231415271759033,1073522.875,6.498772621154785,,False,2.8513524532318115,11.524393081665039,,,2026-05-25 14:11:04
2024Q3,PMAX,paid,173478.29,55973175.0,,807952.1875,4.657367706298828,820576.75,4.730140686035156,,False,1.9283238649368286,9.120509147644043,,,2026-05-25 14:11:04
2024Q3,Search,paid,93226.45999999999,225440.0,,673757.0,7.227100372314453,685567.5,7.353786468505859,,False,4.320677757263184,11.154438018798828,,,2026-05-25 14:11:04
2024Q3,Video_Epsilon,paid,0.0,0.0,,0.0,,0.0,,,False,,,,,2026-05-25 14:11:04
2024Q3,Video_Google,paid,3745.08,352694.0,,129581.8984375,34.60056686401367,95349.484375,25.459932327270508,,False,12.497089385986328,72.92206573486328,,,2026-05-25 14:11:04
2024Q3,Video_Hulu,paid,0.0,0.0,,0.0,,0.0,,,False,,,,,2026-05-25 14:11:04
2024Q3,Video_MNTN,paid,46709.32,2153117.0,,619452.4375,13.261858940124512,712067.0625,15.244646072387695,,False,4.875112533569336,27.469545364379883,,,2026-05-25 14:11:04
2024Q3,Video_Paramount,paid,0.0,0.0,,0.0,,9679.556640625,,,False,,,,,2026-05-25 14:11:04
2024Q3,ALL_PAID (blended),paid_blend,482347.72000000003,84514241.0,,3260102.0859375,6.75882138706388,3398052.2384033203,7.044818701337118,,False,,,,,2026-05-25 14:11:04
2024Q4,Celebs,non_media,,,5.0,,,1355916.875,,271183.375,False,,,67698.75,2643961.0,2026-05-25 14:11:04
2024Q4,Email_sends,non_media,,,29065492.0,,,8933451.0,,0.3073559188332336,False,,,3816242.75,14034407.0,2026-05-25 14:11:04
2024Q4,Redemptions_Birthday_Signup,non_media,,,5055.13,,,1562212.25,,309.03502976184586,False,,,-4462513.0,7600462.0,2026-05-25 14:11:04
2024Q4,Redemptions_Other,non_media,,,2496.0,,,56282.91796875,,22.54924598106971,False,,,-955864.9375,1063034.75,2026-05-25 14:11:04
2024Q4,StoreCount,non_media,,,122.30769230769229,,,13251569.0,,108346.16163522014,False,,,2938175.5,23447716.0,2026-05-25 14:11:04
2024Q4,Vault_Drops,non_media,,,4.0,,,646956.9375,,161739.234375,False,,,-836028.8125,2142053.25,2026-05-25 14:11:04
2024Q4,Amex,paid,0.0,0.0,,0.0,,0.0,,,False,,,,,2026-05-25 14:11:04
2024Q4,Meta,paid,402498.68,52924162.0,,1515451.375,3.765108823776245,1453546.75,3.6113080978393555,,False,1.7182537317276,6.9795823097229,,,2026-05-25 14:11:04
2024Q4,PMAX,paid,453612.58,98237208.0,,979421.6875,2.159158945083618,932524.625,2.0557732582092285,,False,0.8856930136680603,4.240358829498291,,,2026-05-25 14:11:04
2024Q4,Search,paid,271647.42,466215.0,,916571.625,3.374122381210327,875575.5625,3.223206043243408,,False,2.0148727893829346,5.221583366394043,,,2026-05-25 14:11:04
2024Q4,Video_Epsilon,paid,0.0,0.0,,0.0,,0.0,,,False,,,,,2026-05-25 14:11:04
2024Q4,Video_Google,paid,9017.3,975607.0,,259394.0625,28.766267776489258,215479.546875,23.896238327026367,,False,10.95880126953125,58.424530029296875,,,2026-05-25 14:11:04
2024Q4,Video_Hulu,paid,0.0,0.0,,0.0,,0.0,,,False,,,,,2026-05-25 14:11:04
2024Q4,Video_MNTN,paid,346184.37,15917116.0,,1221877.625,3.529557466506958,1042451.125,3.0112597942352295,,False,1.2686318159103394,7.40755033493042,,,2026-05-25 14:11:04
2024Q4,Video_Paramount,paid,103379.3,2956051.0,,583278.6875,5.642122745513916,322478.9375,3.1193764209747314,,False,1.9241052865982056,12.454277038574219,,,2026-05-25 14:11:04
2024Q4,ALL_PAID (blended),paid_blend,1586339.65,171476359.0,,5475995.0625,3.4519688532654405,4842056.546875,3.052345408421835,,False,,,,,2026-05-25 14:11:04
2025Q1,Celebs,non_media,,,5.0,,,1355916.875,,271183.375,False,,,67698.75,2643961.0,2026-05-25 14:11:04
2025Q1,Email_sends,non_media,,,21585635.0,,,6634479.0,,0.30735621166576754,False,,,2834152.75,10422724.0,2026-05-25 14:11:04
2025Q1,Redemptions_Birthday_Signup,non_media,,,8072.76,,,2494771.0,,309.0356953507846,False,,,-7126386.5,12137507.0,2026-05-25 14:11:04
2025Q1,Redemptions_Other,non_media,,,1431.93,,,32288.869140625,,22.549195240427256,False,,,-548368.9375,609853.1875,2026-05-25 14:11:04
2025Q1,StoreCount,non_media,,,126.12087912087911,,,16714091.0,,132524.37753768408,False,,,3705904.75,29574498.0,2026-05-25 14:11:04
2025Q1,Vault_Drops,non_media,,,6.0,,,970434.6875,,161739.11458333334,False,,,-1254043.25,3213079.75,2026-05-25 14:11:04
2025Q1,Amex,paid,0.0,0.0,,0.0,,0.0,,,False,,,,,2026-05-25 14:11:04
2025Q1,Meta,paid,275698.39,46642825.0,,1396346.75,5.064762115478516,1392019.375,5.049066066741943,,False,2.317962169647217,9.37232780456543,,,2026-05-25 14:11:04
2025Q1,PMAX,paid,250426.9,74955451.0,,909959.4375,3.6336328983306885,929045.6875,3.7098476886749268,,False,1.4997776746749878,7.122160911560059,,,2026-05-25 14:11:04
2025Q1,Search,paid,156765.84,316569.0,,797194.375,5.0852556228637695,820276.8125,5.232497215270996,,False,3.0529801845550537,7.828511714935303,,,2026-05-25 14:11:04
2025Q1,Video_Epsilon,paid,0.0,0.0,,0.0,,0.0,,,False,,,,,2026-05-25 14:11:04
2025Q1,Video_Google,paid,9229.14,1164451.0,,280363.375,30.378061294555664,283145.3125,30.67949104309082,,False,11.649076461791992,61.328739166259766,,,2026-05-25 14:11:04
2025Q1,Video_Hulu,paid,0.0,0.0,,0.0,,0.0,,,False,,,,,2026-05-25 14:11:04
2025Q1,Video_MNTN,paid,80342.94,3961097.0,,673102.5625,8.37786865234375,801738.875,9.978959083557129,,False,3.1032826900482178,17.35811996459961,,,2026-05-25 14:11:04
2025Q1,Video_Paramount,paid,0.0,0.0,,0.0,,260796.859375,,,False,,,,,2026-05-25 14:11:04
2025Q1,ALL_PAID (blended),paid_blend,772463.21,127040393.0,,4056966.5,5.251986693320967,4487022.921875,5.808720549778675,,False,,,,,2026-05-25 14:11:04
2025Q2,Celebs,non_media,,,8.0,,,2169464.0,,271183.0,False,,,108318.0,4230338.0,2026-05-25 14:11:04
2025Q2,Email_sends,non_media,,,30118077.0,,,9256970.0,,0.3073559444050827,False,,,3954444.75,14542652.0,2026-05-25 14:11:04
2025Q2,Redemptions_Birthday_Signup,non_media,,,4060.1,,,1254712.0,,309.0347528386,False,,,-3584133.75,6104416.0,2026-05-25 14:11:04
2025Q2,Redemptions_Other,non_media,,,721.0799999999999,,,16259.8359375,,22.549281546430358,False,,,-276143.09375,307105.5,2026-05-25 14:11:04
2025Q2,StoreCount,non_media,,,124.21978021978022,,,14987917.0,,120656.44435598019,False,,,3323143.5,26519942.0,2026-05-25 14:11:04
2025Q2,Vault_Drops,non_media,,,9.0,,,1455654.5,,161739.38888888888,False,,,-1881064.75,4819619.5,2026-05-25 14:11:04
2025Q2,Amex,paid,0.0,0.0,,0.0,,0.0,,,False,,,,,2026-05-25 14:11:04
2025Q2,Meta,paid,303095.75,49531690.0,,1465656.75,4.835622787475586,1488279.875,4.9102630615234375,,False,2.211108684539795,8.957059860229492,,,2026-05-25 14:11:04
2025Q2,PMAX,paid,270940.55,59963306.0,,796349.25,2.9392027854919434,826714.25,3.0512752532958984,,False,1.2159004211425781,5.7517595291137695,,,2026-05-25 14:11:04
2025Q2,Search,paid,132419.26,278469.0,,750419.6875,5.666997909545898,756429.0625,5.712379455566406,,False,3.3990535736083984,8.728928565979004,,,2026-05-25 14:11:04
2025Q2,Video_Epsilon,paid,0.0,0.0,,0.0,,0.0,,,False,,,,,2026-05-25 14:11:04
2025Q2,Video_Google,paid,9195.44,726658.0,,212505.40625,23.109867095947266,231756.546875,25.203420639038086,,False,8.70952320098877,47.28308868408203,,,2026-05-25 14:11:04
2025Q2,Video_Hulu,paid,0.0,0.0,,0.0,,0.0,,,False,,,,,2026-05-25 14:11:04
2025Q2,Video_MNTN,paid,107876.51000000001,4845074.0,,890159.8125,8.251655578613281,897072.0625,8.315731048583984,,False,3.058145046234131,17.08770751953125,,,2026-05-25 14:11:04
2025Q2,Video_Paramount,paid,0.0,0.0,,0.0,,0.0,,,False,,,,,2026-05-25 14:11:04
2025Q2,ALL_PAID (blended),paid_blend,823527.51,115345197.0,,4115090.90625,4.996907639733856,4200251.796875,5.100317531438628,,False,,,,,2026-05-25 14:11:04
2025Q3,Celebs,non_media,,,7.0,,,1898272.5,,271181.78571428574,False,,,94778.25,3701545.75,2026-05-25 14:11:04
2025Q3,Email_sends,non_media,,,10543479.0,,,3240620.25,,0.30735777536048586,False,,,1384337.75,5090968.0,2026-05-25 14:11:04
2025Q3,Redemptions_Birthday_Signup,non_media,,,6246.62,,,1930429.75,,309.0358866074773,False,,,-5514325.5,9391881.0,2026-05-25 14:11:04
2025Q3,Redemptions_Other,non_media,,,3208.05,,,72338.921875,,22.549187785414816,False,,,-1228548.0,1366295.25,2026-05-25 14:11:04
2025Q3,StoreCount,non_media,,,125.2967032967033,,,15965791.0,,127423.87133836169,False,,,3539970.0,28250270.0,2026-05-25 14:11:04
2025Q3,Vault_Drops,non_media,,,9.0,,,1455654.375,,161739.375,False,,,-1881065.75,4819620.5,2026-05-25 14:11:04
2025Q3,Amex,paid,0.0,0.0,,0.0,,0.0,,,False,,,,,2026-05-25 14:11:04
2025Q3,Meta,paid,221622.98,41201799.0,,1357900.75,6.127075672149658,1354640.625,6.112365245819092,,False,2.808941125869751,11.33524227142334,,,2026-05-25 14:11:04
2025Q3,PMAX,paid,192965.72,33536470.0,,574478.75,2.977102518081665,599429.0,3.1064014434814453,,False,1.217230200767517,5.8787078857421875,,,2026-05-25 14:11:04
2025Q3,Search,paid,73392.42,199060.0,,618154.3125,8.422590255737305,644742.0625,8.784858703613281,,False,5.015199661254883,13.048174858093262,,,2026-05-25 14:11:04
2025Q3,Video_Epsilon,paid,0.0,0.0,,0.0,,0.0,,,False,,,,,2026-05-25 14:11:04
2025Q3,Video_Google,paid,22200.35,4574255.0,,225350.796875,10.150776863098145,189157.515625,8.520474433898926,,False,3.9225013256073,20.45260238647461,,,2026-05-25 14:11:04
2025Q3,Video_Hulu,paid,0.0,0.0,,0.0,,0.0,,,False,,,,,2026-05-25 14:11:04
2025Q3,Video_MNTN,paid,57002.6,2001984.0,,612285.25,10.741355895996094,695702.75,12.204754829406738,,False,3.9437155723571777,22.280380249023438,,,2026-05-25 14:11:04
2025Q3,Video_Paramount,paid,0.0,0.0,,0.0,,0.0,,,False,,,,,2026-05-25 14:11:04
2025Q3,ALL_PAID (blended),paid_blend,567184.07,81513568.0,,3388169.859375,5.973668934980844,3483671.953125,6.14204830034278,,False,,,,,2026-05-25 14:11:04
2025Q4,Celebs,non_media,,,15.0,,,4067737.0,,271182.4666666667,False,,,203095.296875,7931885.0,2026-05-25 14:11:04
2025Q4,Email_sends,non_media,,,35801350.0,,,11003852.0,,0.3073585772603547,False,,,4700647.0,17286848.0,2026-05-25 14:11:04
2025Q4,Redemptions_Birthday_Signup,non_media,,,6997.55,,,2162475.5,,309.0332330601425,False,,,-6177223.5,10520914.0,2026-05-25 14:11:04
2025Q4,Redemptions_Other,non_media,,,3867.95,,,87219.4921875,,22.549281192233614,False,,,-1481265.625,1647344.625,2026-05-25 14:11:04
2025Q4,StoreCount,non_media,,,122.51648351648352,,,13441153.0,,109708.93559960535,False,,,2980213.5,23783198.0,2026-05-25 14:11:04
2025Q4,Vault_Drops,non_media,,,11.0,,,1779132.0,,161739.27272727274,False,,,-2299081.0,5890648.0,2026-05-25 14:11:04
2025Q4,Amex,paid,242910.0,6118531.0,,780870.4375,3.214649200439453,674839.75,2.7781472206115723,,False,1.3243858814239502,6.288114547729492,,,2026-05-25 14:11:04
2025Q4,Meta,paid,382803.11,52643735.0,,1523720.25,3.9804279804229736,1508194.625,3.9398701190948486,,False,1.8156763315200806,7.376298427581787,,,2026-05-25 14:11:04
2025Q4,PMAX,paid,214384.1,29816981.0,,544796.875,2.5412187576293945,535195.5,2.4964327812194824,,False,1.0330531597137451,5.0301899909973145,,,2026-05-25 14:11:04
2025Q4,Search,paid,271375.91,343050.0,,810827.5,2.9878389835357666,767154.5,2.826907157897949,,False,1.7927405834197998,4.603250026702881,,,2026-05-25 14:11:04
2025Q4,Video_Epsilon,paid,252161.41999999998,11528893.0,,1360840.375,5.396703243255615,805559.75,3.1946194171905518,,False,2.132030725479126,10.725478172302246,,,2026-05-25 14:11:04
2025Q4,Video_Google,paid,216919.89,41140584.0,,495149.0,2.28263521194458,431812.6875,1.9906550645828247,,False,0.850699245929718,4.683053016662598,,,2026-05-25 14:11:04
2025Q4,Video_Hulu,paid,102011.11,3485280.0,,380466.25,3.7296550273895264,219253.421875,2.1493091583251953,,False,1.4470806121826172,7.462839603424072,,,2026-05-25 14:11:04
2025Q4,Video_MNTN,paid,0.0,0.0,,0.0,,190806.515625,,,False,,,,,2026-05-25 14:11:04
2025Q4,Video_Paramount,paid,100042.0,4401906.0,,707829.5625,7.075324058532715,391120.96875,3.9095675945281982,,False,2.4264774322509766,15.606619834899902,,,2026-05-25 14:11:04
2025Q4,ALL_PAID (blended),paid_blend,1782607.54,149478960.0,,6604500.25,3.7049659567803688,5523937.71875,3.09879633895748,,False,,,,,2026-05-25 14:11:04
2026Q1,Celebs,non_media,,,3.0,,,813544.375,,271181.4583333333,False,,,40619.25,1586376.0,2026-05-25 14:11:04
2026Q1,Email_sends,non_media,,,25944968.0,,,7974382.5,,0.30735757700684,False,,,3406524.5,12527647.0,2026-05-25 14:11:04
2026Q1,Redemptions_Birthday_Signup,non_media,,,8449.23,,,2611091.75,,309.0331012411782,False,,,-7458721.5,12703536.0,2026-05-25 14:11:04
2026Q1,Redemptions_Other,non_media,,,690.94,,,15580.193359375,,22.549271079073435,False,,,-264602.90625,294268.4375,2026-05-25 14:11:04
2026Q1,StoreCount,non_media,,,125.21978021978023,,,15895903.0,,126944.02571303202,False,,,3524483.5,28126678.0,2026-05-25 14:11:04
2026Q1,Vault_Drops,non_media,,,11.0,,,1779132.25,,161739.29545454544,False,,,-2299079.25,5890646.5,2026-05-25 14:11:04
2026Q1,Amex,paid,0.0,0.0,,0.0,,106029.5,,,True,,,,,2026-05-25 14:11:04
2026Q1,Meta,paid,260210.84,31388198.0,,1138839.375,4.3766021728515625,1190702.375,4.575913906097412,,True,1.9979606866836548,8.109708786010742,,,2026-05-25 14:11:04
2026Q1,PMAX,paid,61108.51,22997336.0,,446763.53125,7.3109869956970215,474266.5625,7.7610554695129395,,True,2.9300434589385986,14.632704734802246,,,2026-05-25 14:11:04
2026Q1,Search,paid,258899.22,237697.0,,671673.5625,2.594343662261963,707784.1875,2.733821153640747,,True,1.5420969724655151,4.012778282165527,,,2026-05-25 14:11:04
2026Q1,Video_Epsilon,paid,0.0,0.0,,0.0,,555287.5625,,,True,,,,,2026-05-25 14:11:04
2026Q1,Video_Google,paid,87370.89,16692392.0,,412415.875,4.72028923034668,479599.5,5.489236831665039,,True,1.7755988836288452,9.634073257446289,,,2026-05-25 14:11:04
2026Q1,Video_Hulu,paid,0.0,0.0,,0.0,,161214.765625,,,True,,,,,2026-05-25 14:11:04
2026Q1,Video_MNTN,paid,55635.869999999995,743884.0,,165979.046875,2.9833099842071533,85547.3203125,1.5376288890838623,,True,1.0323545932769775,6.419257164001465,,,2026-05-25 14:11:04
2026Q1,Video_Paramount,paid,0.0,0.0,,0.0,,316706.15625,,,True,,,,,2026-05-25 14:11:04
2026Q1,ALL_PAID (blended),paid_blend,723225.33,72059507.0,,2835671.390625,3.920868466574588,4077137.9296875,5.6374379609844425,,True,,,,,2026-05-25 14:11:04
2026Q2,Celebs,non_media,,,0.0,,,0.0,,,False,,,0.0,0.0,2026-05-25 14:11:04
2026Q2,Email_sends,non_media,,,8498664.0,,,2612129.75,,0.3073576917501386,False,,,1115858.0,4103618.5,2026-05-25 14:11:04
2026Q2,Redemptions_Birthday_Signup,non_media,,,67.52,,,20866.2109375,,309.03748426392184,False,,,-59604.6015625,101516.203125,2026-05-25 14:11:04
2026Q2,Redemptions_Other,non_media,,,75.06,,,1692.5499267578125,,22.549292922432887,False,,,-28745.19921875,31967.40625,2026-05-25 14:11:04
2026Q2,StoreCount,non_media,,,121.60714285714286,,,3881688.25,,31919.903377386196,False,,,860655.875,6868347.0,2026-05-25 14:11:04
2026Q2,Vault_Drops,non_media,,,2.0,,,323478.46875,,161739.234375,False,,,-418014.40625,1071026.625,2026-05-25 14:11:04
2026Q2,Amex,paid,0.0,0.0,,0.0,,0.0,,,True,,,,,2026-05-25 14:11:04
2026Q2,Meta,paid,126730.35,11591932.0,,293993.8125,2.3198373317718506,387058.0625,3.0541858673095703,,True,0.8136377930641174,4.666324615478516,,,2026-05-25 14:11:04
2026Q2,PMAX,paid,23042.91,7349507.0,,105776.6640625,4.590421199798584,141765.578125,6.152242660522461,,True,1.4430859088897705,9.850257873535156,,,2026-05-25 14:11:04
2026Q2,Search,paid,83704.45,81082.0,,164432.75,1.9644445180892944,226742.859375,2.708850622177124,,True,0.8359107375144958,3.3653039932250977,,,2026-05-25 14:11:04
2026Q2,Video_Epsilon,paid,0.0,0.0,,0.0,,0.0,,,True,,,,,2026-05-25 14:11:04
2026Q2,Video_Google,paid,24456.2,6563701.0,,46555.5078125,1.9036281108856201,149013.828125,6.093090057373047,,True,0.6230710744857788,4.213592529296875,,,2026-05-25 14:11:04
2026Q2,Video_Hulu,paid,0.0,0.0,,0.0,,0.0,,,True,,,,,2026-05-25 14:11:04
2026Q2,Video_MNTN,paid,29792.43,418364.0,,49486.0859375,1.6610288619995117,129917.6484375,4.36076021194458,,True,0.49898582696914673,3.921877145767212,,,2026-05-25 14:11:04
2026Q2,Video_Paramount,paid,0.0,0.0,,0.0,,0.0,,,True,,,,,2026-05-25 14:11:04
2026Q2,ALL_PAID (blended),paid_blend,287726.34,26004586.0,,660244.8203125,2.2946971775767904,1034497.9765625,3.5954232642117505,,True,,,,,2026-05-25 14:11:04
