time,Model_Dates,geo,population,All_impression,All_spend,Meta_impression,Meta_spend,Search_impression,Search_spend,Search_click,PMAX_impression,PMAX_spend,Amex_impression,Amex_spend,Video_impression,Video_spend,Video_Epsilon_impression,Video_Epsilon_spend,Video_Google_impression,Video_Google_spend,Video_Hulu_impression,Video_Hulu_spend,Video_MNTN_impression,Video_MNTN_spend,Video_Paramount_impression,Video_Paramount_spend,Video_Peacock_impression,Video_Peacock_spend,Conversions_Revenue,Conversions_Transactions,Conversions_Units,Conversions_Pricing,Conversions_BasketSize,Vault_Drops,Category_Interest,Hurricanes,Email_sends,Email_spend,LightningSales,StoreCount,Celebs,Redemptions_Birthday_Signup,Redemptions_Other
4/2/2023,In Model,FL,100,12281946,52820.62,3221567,15078.88,223173,22305.44,38434,8837206,15436.3,0,0,0,0,0,0,0,0,0,0,0,0,0,0,0,0,16185081.5,351774,1172202,13.80741673,3.33225878,0,67,0,0,0,91,124.4285714,0,449.4,2380.62
4/9/2023,In Model,FL,100,11863500,51731.46,3724474,17736.31,224517,19644.85,36826,7914509,14350.3,0,0,0,0,0,0,0,0,0,0,0,0,0,0,0,0,13076204.08,293493,947294,13.80374422,3.227654493,0,64,0,0,0,21,124,0,449.4,76.62
4/16/2023,In Model,FL,100,12225723,53388.12,3588612,17881.33,214426,20932.56,36974,8422685,14574.23,0,0,0,0,0,0,0,0,0,0,0,0,0,0,0,0,14164641.83,322172,1035115,13.68412382,3.212926635,0,64,0,0,0,0,124.4285714,0,449.4,80.11
4/23/2023,In Model,FL,100,12571346,53298.71,4084563,20754.31,205715,19198.38,36189,8281068,13346.02,0,0,0,0,0,0,0,0,0,0,0,0,0,0,0,0,13989103.64,318408,1011864,13.82508286,3.177884978,0,62,0,0,0,0,124.4285714,0,449.4,81.26
4/30/2023,In Model,FL,100,12689029,53573.45,3915129,20323.46,268912,20634.98,36360,8504988,12615.01,0,0,0,0,0,0,0,0,0,0,0,0,0,0,0,0,14938856.86,334538,1078884,13.84658301,3.224996861,0,63,0,0,0,91,124.5714286,0,416.07,18.52
5/7/2023,In Model,FL,100,11156227,46430.28,2772042,13790.22,384134,20440.81,36659,8000051,12199.25,0,0,0,0,0,0,0,0,0,0,0,0,0,0,0,0,13586126.67,312178,993619,13.67337649,3.182860419,0,60,0,0,0,21,124.4285714,0,410.52,871.85
5/14/2023,In Model,FL,100,11695833,43242.9,3346319,13928.31,189542,16515.12,34301,8159972,12799.47,0,0,0,0,0,0,0,0,0,0,0,0,0,0,0,0,13129683.82,307249,969230,13.54650993,3.154542407,0,62,0,0,0,0,124.4285714,0,410.52,29.34
5/21/2023,In Model,FL,100,11440824,42834.66,4038287,15447.96,174606,15952.75,33391,7227931,11433.95,0,0,0,0,0,0,0,0,0,0,0,0,0,0,0,0,14417233.95,320774,1054615,13.6706134,3.287719703,0,63,0,0,0,91,124.4285714,0,410.52,31.25
5/28/2023,In Model,FL,100,10545446,38431.13,2762198,12523.65,162552,14711.02,28758,7620696,11196.46,0,0,0,0,0,0,0,0,0,0,0,0,0,0,0,0,13335235.1,316614,983121,13.56418498,3.10510906,1,65,0,0,0,10,124.4285714,0,410.28,17.45
6/4/2023,In Model,FL,100,11162581,43118.65,3153395,16503.89,163201,14490.78,28382,7845985,12123.98,0,0,0,0,0,0,0,0,0,0,0,0,0,0,0,0,12720453.19,301724,948270,13.41437902,3.142839151,0,60,0,0,0,0,124.4285714,0,409.97,13.4
6/11/2023,In Model,FL,100,10176847,40740.01,2408638,14766.28,157577,13809.43,27431,7610632,12164.3,0,0,0,0,0,0,0,0,0,0,0,0,0,0,0,0,13554191.85,311485,984408,13.76887617,3.160370483,0,65,0,0,0,0,124.4285714,0,409.97,875.4
6/18/2023,In Model,FL,100,11013030,45706.49,3960944,21071.63,148955,12580.98,24840,6903131,12053.89,0,0,0,0,0,0,0,0,0,0,0,0,0,0,0,0,12867551.69,303092,945328,13.61173232,3.118947382,0,62,0,0,0,0,124.4285714,0,409.97,13.4
6/25/2023,In Model,FL,100,8021573,36314.11,2158251,12804.9,157776,12812.41,25755,5705546,10696.8,0,0,0,0,0,0,0,0,0,0,0,0,0,0,0,0,14126540.38,314894,1107245,12.75827877,3.516246737,0,63,0,0,0,41,124.4285714,0,402.88,21.69
7/2/2023,In Model,FL,100,9017943,30904.89,1531600,6573.24,181509,14141.66,30206,7304834,10189.98,0,0,0,0,0,0,0,0,0,0,0,0,0,0,0,0,14127822.82,329998,1128287,12.52147975,3.419072237,0,71,0,0,0,81,124.4285714,0,360.39,10.2
7/9/2023,In Model,FL,100,7926979,26843.77,950398,4630.33,155532,13019.77,25470,6821049,9193.67,0,0,0,0,0,0,0,0,0,0,0,0,0,0,0,0,12297222.04,293646,983701,12.50097544,3.349955388,0,63,0,0,0,0,124.4285714,0,360.39,10.2
7/16/2023,In Model,FL,100,8154498,26526.61,1025386,4714.54,147131,12438.94,23685,6981981,9373.12,0,0,0,0,0,0,0,0,0,0,0,0,0,0,0,0,12247701.32,292976,983624,12.45160887,3.357353503,0,63,0,0,0,0,124.4285714,0,360.39,10.2
7/23/2023,In Model,FL,100,8053636,26327.11,1100609,5938.42,140656,11615.43,23060,6812371,8773.26,0,0,0,0,0,0,0,0,0,0,0,0,0,0,0,0,12554528.14,297634,990621,12.67339188,3.328319345,1,62,0,0,0,0,124.4285714,0,360.39,10.2
7/30/2023,In Model,FL,100,8109613,26496.9,1016914,5454.77,141027,12131.25,22290,6951672,8910.87,0,0,0,0,0,0,0,0,0,0,0,0,0,0,0,0,12355869.8,293409,971655,12.71631371,3.311605983,0,64,0,0,0,55,124.4285714,0,645.71,19
8/6/2023,In Model,FL,100,8146025,30020.01,1571293,8398.66,145247,12669.71,22180,6429485,8951.63,0,0,0,0,0,0,0,0,0,0,0,0,0,0,0,0,12238728.06,291704,964132,12.69403781,3.305172367,1,60,0,0,0,60,124.4285714,0,759.84,19
8/13/2023,In Model,FL,100,7303891,28492.23,1284335,6925.33,147334,12420.96,21869,5872222,9145.94,0,0,0,0,0,0,0,0,0,0,0,0,0,0,0,0,12032669.04,289073,946683,12.71034659,3.274892501,0,61,0,0,0,0,124.4285714,0,759.84,20.06
8/20/2023,In Model,FL,100,7919199,32389.49,2391321,11471.18,141563,11936.32,21075,5386315,8981.99,0,0,0,0,0,0,0,0,0,0,0,0,0,0,0,0,12092678.98,289530,937136,12.90386772,3.236749214,0,57,0,0,0,0,124.4285714,0,759.84,22.71
8/27/2023,In Model,FL,100,9091032,31448.17,2158056,10543.27,141925,11837.55,22232,6791051,9067.34,0,0,0,0,0,0,0,0,0,0,0,0,0,0,0,0,14004367.04,315387,1014356,13.80616572,3.216226414,1,55,46,0,0,55,124.4285714,0,725.68,65.57
9/3/2023,In Model,FL,100,11611006,34920.42,2786975,13781.03,147273,12323.7,22398,8676758,8815.69,0,0,0,0,0,0,0,0,0,0,0,0,0,0,0,0,12100376.29,292250,910425,13.29090951,3.115226689,0,59,0,0,0,81,124.4285714,0,640.27,119.06
9/10/2023,In Model,FL,100,9696224,30614.3,2362517,12301.45,132824,10755.71,20931,7200883,7557.14,0,0,0,0,0,0,0,0,0,0,0,0,0,0,0,0,12007457.04,287513,894269,13.42711985,3.110360227,0,56,0,0,0,0,125,0,640.27,118.53
9/17/2023,In Model,FL,100,9837826,30396.14,2345109,12412.81,122463,10348.14,19907,7370254,7635.19,0,0,0,0,0,0,0,0,0,0,0,0,0,0,0,0,12414028.61,293014,908082,13.67060311,3.099107892,1,57,0,0,0,0,125.4285714,0,640.27,118.72
9/24/2023,In Model,FL,100,12627604,36232.25,2336054,13403.52,118112,10210.91,19377,10173438,12617.82,0,0,0,0,0,0,0,0,0,0,0,0,0,0,0,0,12416809.71,294374,909262,13.65592064,3.088798603,1,56,0,0,0,0,125.1428571,0,640.27,119.85
10/1/2023,In Model,FL,100,18079903,75435.36,2994115,22696.54,148488,13669.93,25461,14403028,15735.56,0,0,534272,23333.33,0,0,0,0,0,0,0,0,407353,11666.67,126919,11666.67,12601500.38,296725,922247,13.66391041,3.108086612,0,60,0,0,0,0,126.4285714,0,429.48,82.32
10/8/2023,In Model,FL,100,18124223,77888.93,3125958,24440.89,161355,14233.58,27270,14302638,15881.13,0,0,534272,23333.33,0,0,0,0,0,0,0,0,407353,11666.67,126919,11666.67,12826189.02,300094,938404,13.66808861,3.127033529,0,57,0,0,0,0,126.4285714,0,429.48,81.2
10/15/2023,In Model,FL,100,19429972,83241.43,3238757,25987.33,172291,16288.59,26887,15484652,17632.18,0,0,534272,23333.33,0,0,0,0,0,0,0,0,407353,11666.67,126919,11666.67,13355889.67,308269,977152,13.66818025,3.169802997,0,60,0,0,0,20,126.4285714,1,429.48,81.01
10/22/2023,In Model,FL,100,23569717,93889.9,3851911,31463.13,182988,18365.26,27655,19000546,20728.18,0,0,534272,23333.33,0,0,0,0,0,0,0,0,407353,11666.67,126919,11666.67,14530742.32,325410,1052515,13.80573419,3.234427338,0,66,0,0,0,101,126.4285714,0,429.48,81.01
10/29/2023,In Model,FL,100,23480076,99013.68,3318299,25598.17,191746,18258.88,28224,18989333,21920.29,237673,3926,743025,29310.34,0,0,0,0,0,0,0,0,511685,14655.17,231340,14655.17,13975285.29,316764,1004554,13.91193036,3.171301032,0,61,0,0,0,0,126.4285714,0,445.66,71.23
11/5/2023,In Model,FL,100,20816902,120742.78,3889634,32139.22,227512,22680.66,34985,15362844,25041.89,415928,6870.5,920984,34010.51,0,0,21395,217.41,0,0,0,0,589934,16896.55,309655,16896.55,14459084.2,322435,1042112,13.87478908,3.232006451,0,60,0,0,0,68,126.8571429,1,457.8,2893.97
11/12/2023,In Model,FL,100,12069817,130396.32,4168576,36417.3,257467,25940.15,38997,6308785,27160.16,415928,6870.5,919061,34008.22,0,0,19472,215.11,0,0,0,0,589934,16896.55,309655,16896.55,15318916.36,325701,1071408,14.29792979,3.289544705,0,62,0,0,0,46,127.4285714,0,457.8,225.47
11/19/2023,In Model,FL,100,10470287,122425.05,2992108,28115.76,364442,27058.63,46310,5778807,26378.83,415928,6870.5,919002,34001.33,0,0,19413,208.23,0,0,0,0,589934,16896.55,309655,16896.55,18907451.8,365614,1251862,15.10346332,3.423999081,0,86,0,0,0,0,109.1428571,0,457.8,133.47
11/26/2023,In Model,FL,100,12117877,133843.54,3804961,29487,241149,24782.94,38554,6605272,29621.21,505550,14740.73,960945,35211.67,0,0,33947,407.07,0,0,0,0,606998,17402.3,320000,17402.3,14807083.54,319193,1040458,14.23131308,3.259651684,1,61,0,0,0,0,127.4285714,0,480.16,143.63
12/3/2023,In Model,FL,100,16084476,180173.61,5438251,38018.65,297992,34557.91,48977,8555373,35093.85,729606,34416.29,1063254,38086.91,0,0,67734,753.58,0,0,0,0,649658,18666.67,345861,18666.67,17109263.54,350851,1187834,14.40374963,3.385579634,0,63,0,0,0,55,127.4285714,0,536.06,85.8
12/10/2023,In Model,FL,100,16117557,184529.68,5994938,43144.21,328482,36174.9,56012,8004882,32755.52,729606,34416.29,1059649,38038.75,0,0,64129,705.42,0,0,0,0,649658,18666.67,345861,18666.67,20347027.36,385495,1351169,15.05883229,3.505023411,0,77,0,0,0,60,127.4285714,0,536.06,3182.8
12/17/2023,In Model,FL,100,18148493,203992.08,7169147,41293.27,489936,53579.77,82905,8701271,36685.76,729606,34416.29,1058533,38016.99,0,0,63013,683.65,0,0,0,0,649658,18666.67,345861,18666.67,31675282.25,530259,1944446,16.29013213,3.666974064,1,90,0,0,0,0,127.4285714,0,536.06,40.8
12/24/2023,In Model,FL,100,13684792,177383.66,4252152,27552.35,428193,44958.17,69628,7205899,32471.96,729606,34416.29,1068942,37984.88,0,0,73422,651.55,0,0,0,0,649658,18666.67,345861,18666.67,20637869.18,393287,1315867,15.68385648,3.345818702,0,90,0,0,0,0,127.2857143,0,536.06,2038.3
12/31/2023,In Model,FL,100,7675573,51962.77,2269879,9891.82,211681,16558.78,37797,4836890,14567.69,104229,4916.61,252893,6027.87,0,0,110676,694.54,0,0,0,0,92808,2666.67,49409,2666.67,15631278.84,348945,1061437,14.7265253,3.041846136,1,71,0,0,0,0,126.2857143,0,354.13,9.9
1/7/2024,In Model,FL,100,5650241,26006.75,1502893,6145.65,113893,7514.51,18212,4013411,12221.03,0,0,20044,125.56,0,0,20044,125.56,0,0,0,0,0,0,0,0,13341066.64,304891,954245,13.98075614,3.129790646,0,59,0,0,0,41,125.4285714,0,323.81,2.7
1/14/2024,In Model,FL,100,6659318,31236.79,2203353,11229.12,134617,9321.74,19076,4321348,10685.94,0,0,0,0,0,0,0,0,0,0,0,0,0,0,0,0,14172336.5,318807,995698,14.23356932,3.12319993,1,60,0,0,0,81,125.4285714,1,323.81,2.7
1/21/2024,In Model,FL,100,6707271,32808.64,2602977,14433.45,133610,9021.31,19463,3970684,9353.88,0,0,0,0,0,0,0,0,0,0,0,0,0,0,0,0,14073847.71,319717,1011326,13.91623246,3.163191197,0,54,0,0,0,0,125.4285714,0,323.81,1606.7
1/28/2024,In Model,FL,100,7197291,39833.03,2740779,16756.78,158158,12277.13,22744,4298354,10799.11,0,0,0,0,0,0,0,0,0,0,0,0,0,0,0,0,14378315.45,322394,1017460,14.1315781,3.155952034,1,57,0,0,0,0,125.4285714,1,375.69,2.7
2/4/2024,In Model,FL,100,10186895,62329.72,3997890,26406.38,197789,16972.74,28496,5991216,18950.59,0,0,0,0,0,0,0,0,0,0,0,0,0,0,0,0,15675838.98,341438,1110403,14.11725201,3.252136552,0,59,0,0,0,68,125.4285714,0,444.86,2.7
2/11/2024,In Model,FL,100,10037376,54498.02,3658561,21065.41,185318,13009.02,28333,6193497,20423.59,0,0,0,0,0,0,0,0,0,0,0,0,0,0,0,0,15750756.47,353446,1111514,14.17054258,3.144791566,0,60,0,0,0,10,125.4285714,4,444.86,2.7
2/18/2024,In Model,FL,100,10019922,51501.31,3057402,18055.25,170799,12326.38,26005,6791721,21119.67,0,0,0,0,0,0,0,0,0,0,0,0,0,0,0,0,14856116.81,333247,1067972,13.91058643,3.204746029,0,63,0,0,0,0,125.4285714,1,444.86,39.5
2/25/2024,In Model,FL,100,12703715,73751.3,3893089,19655.41,169229,11892.79,25730,8270131,29193.94,58272,3979.35,312994,9029.8,0,0,0,0,0,0,48987,1029.8,141340,4000,122667,4000,15162130.74,338539,1084182,13.98485747,3.202532057,1,59,0,0,0,0,125.4285714,0,445.89,11.9
3/3/2024,In Model,FL,100,14398691,116783.77,3695115,23458.49,169113,11205.25,25431,9068588,33302.62,203953,13927.74,1261922,34889.67,0,0,0,0,0,0,337899,6889.67,494689,14000,429335,14000,15198414.73,340342,1090759,13.93379723,3.204890963,0,58,0,0,0,0,125.4285714,1,448.45,1.93
3/10/2024,In Model,FL,100,14098739,109998.26,3719984,24281.13,155208,9512.68,24721,8783824,27602.32,203953,13927.74,1235770,34674.39,0,0,0,0,0,0,311747,6674.39,494689,14000,429335,14000,16344069.31,354697,1153403,14.17030241,3.251798014,1,60,0,0,0,0,125.4285714,0,448.45,1064.93
3/17/2024,In Model,FL,100,14972892,112622.03,4645371,26251.15,166997,10202.25,25628,8724630,27322.19,203953,13927.74,1231941,34918.7,0,0,0,0,0,0,307918,6918.7,494689,14000,429335,14000,15247535.53,343225,1092627,13.95493204,3.183413213,0,61,0,0,0,0,125.4285714,0,448.45,1.93
3/24/2024,In Model,FL,100,16103281,126397.08,5195536,39096.89,177942,10311.87,27679,9262304,27667.55,203953,13927.74,1263546,35393.03,0,0,0,0,0,0,339523,7393.03,494689,14000,429335,14000,17053032.87,364951,1212894,14.0597883,3.323443421,1,60,0,0,0,91,125.4285714,0,448.45,3.39
3/31/2024,In Model,FL,100,12475972,88646.76,2650065,15719.62,168879,9516.78,24233,8606822,25481,209780,11829.68,840426,26099.68,0,0,0,0,0,0,224399,5547.96,358984,10275.86,257043,10275.86,13661320.36,305417,980693,13.93027212,3.210996768,0,59,0,0,0,0,108,1,455.86,5.94
4/7/2024,In Model,FL,100,10932263,85835.17,2953287,17712.24,142969,8748.99,23519,6829295,23855.9,210751,11480,795961,24038.04,0,0,38268,111.28,0,0,192999,4616.42,336366,9655.17,228328,9655.17,14453594.94,329843,1044019,13.84418764,3.165199807,1,59,0,0,0,0,125.4285714,0,457.1,5.52
4/14/2024,In Model,FL,100,11942944,85808.38,2718985,18051.99,149521,8849.53,23474,7982000,22975.01,210751,11480,881687,24451.84,0,0,107092,281.03,0,0,209901,4860.47,336366,9655.17,228328,9655.17,14634201.97,331657,1067115,13.71380027,3.217525938,0,62,0,0,0,0,125.4285714,0,457.1,1359.09
4/21/2024,In Model,FL,100,11121009,90501.65,3342322,23147.95,143499,8806.16,21998,6582075,22729.22,210751,11480,842362,24338.33,0,0,60923,179.92,0,0,216745,4848.06,336366,9655.17,228328,9655.17,14345125.37,329048,1036403,13.84126191,3.149701563,0,58,0,0,0,0,125.4285714,0,457.1,5.09
4/28/2024,In Model,FL,100,10061751,82378.54,4251872,32346.03,140704,8808.2,20626,5147001,24611.72,90322,4920,431852,11692.59,0,0,51696,187.16,0,0,138144,3229.57,144157,4137.93,97855,4137.93,15011215.02,335548,1077127,13.93634643,3.210053405,1,57,0,0,0,91,125.5714286,0,406.09,2.18
5/5/2024,In Model,FL,100,7531347,48473.11,2246441,12662.54,142596,8906.71,21139,4947046,22753.27,0,0,195264,4150.6,0,0,18920,85.99,0,0,176344,4064.61,0,0,0,0,13783848.58,321911,1005234,13.71207956,3.122707829,0,59,0,0,0,10,125.2857143,1,367.84,7.82
5/12/2024,In Model,FL,100,7711376,48846.36,2231545,12056.7,134400,8302.54,20313,5038214,21756.29,0,0,307217,6730.83,0,0,3460,5.47,0,0,303757,6725.36,0,0,0,0,13184803.25,311212,963074,13.69033247,3.094591468,1,59,0,0,0,0,125.5714286,0,367.84,27.36
5/19/2024,In Model,FL,100,9592826,58064.42,3180028,21290.15,135492,8093.09,20533,5931438,21725.86,0,0,345868,6955.32,0,0,4293,6.78,0,0,341575,6948.54,0,0,0,0,14819064.48,332601,1080987,13.70882765,3.250101473,0,60,0,0,0,68,125.8571429,0,367.84,27.36
5/26/2024,In Model,FL,100,9501136,56826.65,2701224,17103.15,141557,8015.19,20588,6195096,22760.4,0,0,463259,8947.91,0,0,4654,7.35,0,0,458605,8940.56,0,0,0,0,13568756.29,323536,998984,13.58255617,3.08770585,1,65,0,0,0,21,126.5714286,0,379.92,51.26
6/2/2024,In Model,FL,100,8849764,50878.3,2714305,15492.09,142112,8917.62,21219,5768572,22456.17,0,0,224775,4012.41,0,0,3224,11.27,0,0,221551,4001.14,0,0,0,0,12850314.27,306891,962099,13.35654051,3.134986037,0,60,0,0,0,0,126.5714286,0,452.43,1425.52
6/9/2024,In Model,FL,100,8947721,51412.63,2847802,17175.59,142040,8829.72,20953,5676068,20213.56,0,0,281811,5193.75,0,0,4054,18.17,0,0,277757,5175.58,0,0,0,0,13674646.05,316244,979181,13.96539154,3.09628325,1,62,0,0,0,0,126.5714286,1,452.43,171.52
6/16/2024,In Model,FL,100,10595703,68123.11,3346478,19905.13,160204,8870.17,22421,5897203,16824.44,0,0,1191818,22523.37,0,0,4721,21.13,0,0,1187097,22502.24,0,0,0,0,13514631.24,319798,981341,13.77159544,3.068627696,1,60,0,0,0,0,126.5714286,0,452.43,266.32
6/23/2024,In Model,FL,100,11772089,84699.52,4488154,30109.18,155065,8538.98,22386,5411758,15731.4,0,0,1717112,30319.97,0,0,2794,17.16,0,0,1714318,30302.81,0,0,0,0,13312553.62,314480,978171,13.60963842,3.110439456,1,61,0,210697,417.9,41,126.5714286,0,452.43,282.12
6/30/2024,In Model,FL,100,8207944,48887.41,2649964,18390.8,164991,8693.9,23588,5043102,15449.77,0,0,349887,6352.94,0,0,2686,10.22,0,0,347201,6342.72,0,0,0,0,15907480.9,361590,1160734,13.70467385,3.210083243,0,66,0,450242,417.9,60,126.5714286,0,477.67,198.7
7/7/2024,In Model,FL,100,7867163,38188.7,2215323,12512.39,155447,8327.96,21043,5375913,15047.39,0,0,120480,2300.96,0,0,4408,41.22,0,0,116072,2259.74,0,0,0,0,12046266.9,293241,974653,12.35954427,3.3237269,0,58,0,666415,417.9,0,126.5714286,2,481.87,110.6
7/14/2024,In Model,FL,100,7259604,38326.71,2226860,13554.96,151628,7817.48,20073,4766639,14595.15,0,0,114477,2359.12,0,0,4319,48.18,0,0,110158,2310.94,0,0,0,0,12385461.85,299436,986024,12.56101459,3.292937389,0,57,0,590040,417.9,0,126.5714286,0,481.87,110.6
7/21/2024,In Model,FL,100,7255196,41385.52,2679741,18997.75,139505,7575.64,18883,4332032,12537.86,0,0,103918,2274.27,0,0,9095,75.41,0,0,94823,2198.86,0,0,0,0,12591820.82,303718,990214,12.71626216,3.260307259,1,57,0,1888032,626.85,0,126.5714286,1,481.87,15.8
7/28/2024,In Model,FL,100,6488874,36092.92,2085989,14631.88,128581,7136.43,16542,4136063,11408.97,0,0,138241,2915.63,0,0,13983,40.46,0,0,124258,2875.17,0,0,0,0,12686383.02,305298,994890,12.75154341,3.258750467,1,55,0,1543504,835.8,0,126.5714286,1,470.06,0
8/4/2024,In Model,FL,100,6032288,32747.54,1941054,11385.69,122720,6904.27,16248,3810924,10872.16,0,0,157590,3585.43,0,0,23235,200.83,0,0,134355,3384.6,0,0,0,0,11778937.13,288423,924472,12.74125893,3.20526449,0,57,0,1017515,1253.7,0,126.2857143,0,454.32,1032
8/11/2024,In Model,FL,100,6485553,34935.89,2051041,12235.28,116860,6819.16,15808,4108823,11882.08,0,0,208829,3999.37,0,0,70910,602.2,0,0,137919,3397.17,0,0,0,0,12446127.59,295664,950727,13.09116875,3.215565642,1,60,0,1665356,1880.55,0,126.5714286,1,454.32,0
8/18/2024,In Model,FL,100,6448288,37069.98,1931990,12265.24,126875,6718.12,16280,4156346,14307.55,0,0,233077,3779.06,0,0,88336,393.23,0,0,144741,3385.83,0,0,0,0,11951122.54,290746,927449,12.88601588,3.189894272,0,58,0,2177172,2089.5,0,126.5714286,0,454.32,33.43
8/25/2024,In Model,FL,100,8413275,51545.85,3496258,25797.29,134108,6702.43,17161,4591452,15197.35,0,0,191457,3848.78,0,0,25459,314.97,0,0,165998,3533.81,0,0,0,0,13508882.86,311031,1021733,13.22153915,3.28498767,1,60,0,2250196,1044.75,80,126.5714286,0,454.32,5.57
9/1/2024,In Model,FL,100,7269247,40020.71,2128823,13185.77,133461,7147.57,17443,4808832,15778.37,0,0,198131,3909,0,0,33693,375.63,0,0,164438,3533.37,0,0,0,0,12192042.56,298421,930731,13.09942675,3.118852226,0,61,0,1753516,1044.75,21,126.5714286,0,526.4,0
9/8/2024,In Model,FL,100,5724425,32851.68,1248559,7991.59,134165,6995.65,16688,4144932,13966.26,0,0,196769,3898.18,0,0,24486,365.23,0,0,172283,3532.95,0,0,0,0,12125313.85,293828,892269,13.58930306,3.036705147,0,54,0,882950,1462.65,0,126.5714286,0,526.4,15.38
9/15/2024,In Model,FL,100,5111798,30626.88,1078248,7209.78,131274,7069.66,16388,3721224,12465.1,0,0,181052,3882.34,0,0,10037,353.9,0,0,171015,3528.44,0,0,0,0,12375079.79,297429,906515,13.65126864,3.047836627,1,56,0,1566409,2298.45,0,126.5714286,1,526.4,25.63
9/22/2024,In Model,FL,100,4987264,29861.46,1230487,7539.2,133022,6927.55,16194,3439419,11540,0,0,184336,3854.71,0,0,16234,336.28,0,0,168102,3518.43,0,0,0,0,12620364.78,293534,919594,13.7238442,3.132836401,0,52,47,1498556,626.85,0,122.7142857,0,526.4,0
9/29/2024,In Model,FL,100,6688061,38693.89,1495442,7881.75,134589,7084.54,16689,4580576,13880.05,0,0,477454,9847.55,0,0,28499,597.54,0,0,448955,9250.01,0,0,0,0,12941796.85,300549,946876,13.66788983,3.15048794,0,56,0,1284706,2089.5,0,125.5714286,0,395.56,0
10/6/2024,In Model,FL,100,8410988,48703.49,2547320,13920.26,155214,7327.58,18818,5103347,15410.62,0,0,605107,12045.03,0,0,55450,708.1,0,0,549657,11336.93,0,0,0,0,13868641.27,295819,977785,14.1837329,3.305348879,0,52,98,1667240,626.85,0,108.2857143,0,343.23,0
10/13/2024,In Model,FL,100,6705993,52506.21,2550912,15253.4,166186,9010.27,19336,3351231,16276.43,0,0,637664,11966.11,0,0,71069,718.2,0,0,566595,11247.91,0,0,0,0,13300137.13,306238,959086,13.86751254,3.131832104,0,55,0,2266470,2507.4,0,125.7142857,0,343.23,0
10/20/2024,In Model,FL,100,5494308,68091.53,3923544,27366.14,177993,10934.64,20584,743107,17792,0,0,649664,11998.74,0,0,68018,655.01,0,0,581646,11343.73,0,0,0,0,14241641.08,322377,1015707,14.02140684,3.150680725,1,55,0,1442775,2298.45,41,126.5714286,0,343.23,53.16
10/27/2024,In Model,FL,100,8253027,92846.03,4374152,33067.17,220964,15875.62,24059,2595075,22530.28,0,0,1062836,21372.96,0,0,115759,651.12,0,0,775817,15204.6,78869,2758.62,92391,2758.62,14623962.54,330740,1050795,13.91704618,3.17710286,1,58,0,2525700,1044.75,81,126.5714286,0,340.69,124.04
11/3/2024,In Model,FL,100,11754695,122860,4239045,28101.4,258130,17571.55,26844,5248537,26552.92,0,0,2008983,50634.14,0,0,65660,742.58,0,0,1343913,30581.21,276043,9655.17,323367,9655.17,14389625.85,327001,1028347,13.99296721,3.144782432,0,54,0,2628172,2925.3,0,126.5714286,0,334.37,1256.04
11/10/2024,In Model,FL,100,12414454,129669.1,4589970,35171.35,249143,17278.26,26949,5573411,26249.3,0,0,2001930,50970.18,0,0,69102,726.08,0,0,1333418,30933.76,276043,9655.17,323367,9655.17,14835386.89,329500,1048569,14.1482219,3.18230349,1,57,0,2679869,1880.55,55,126.5714286,2,334.37,153.55
11/17/2024,In Model,FL,100,13547340,142497.41,4248989,35748.17,299027,21674.2,33605,6974029,34397.47,0,0,2025295,50677.57,0,0,54341,706.68,0,0,1371544,30660.55,276043,9655.17,323367,9655.17,15679465.23,335556,1097759,14.28315799,3.271462885,1,59,0,2485736,1462.65,60,126.5714286,1,334.37,142
11/24/2024,In Model,FL,100,14145586,148394.38,3473378,31971.86,460903,26691.77,44926,8180955,39160.34,0,0,2030350,50570.4,0,0,46360,663.54,0,0,1384580,30596.52,276043,9655.17,323367,9655.17,19210921.83,369757,1267458,15.15704807,3.427813402,0,80,0,1808998,2089.5,0,108.4285714,0,334.37,219.28
12/1/2024,In Model,FL,100,16005184,167543.6,4024844,34749.31,313016,25180.5,36721,9139591,42359.87,0,0,2527733,65253.93,0,0,54126,707.76,0,0,1661650,36546.17,400357,14000,411600,14000,15802513.61,336628,1103464,14.32082389,3.277992324,0,60,0,1658675,2507.4,0,126.5714286,1,473.97,119.28
12/8/2024,In Model,FL,100,19638984,193790.2,4978632,46796.04,401541,29860.08,47809,11547077,48831.74,0,0,2711734,68302.35,0,0,74948,707.84,0,0,1824829,39594.51,400357,14000,411600,14000,18955084.66,373635,1278730,14.82336745,3.422404218,0,67,0,2573638,835.8,80,126.5714286,1,473.97,87.03
12/15/2024,In Model,FL,100,21622780,208277.13,5171294,42328.92,496955,33986.93,58413,12918459,56949.61,0,0,3036072,75011.67,0,0,76143,693.43,0,0,2147972,46318.24,400357,14000,411600,14000,24853232.29,445294,1581600,15.71398096,3.551810714,0,76,0,3368765,5850.6,21,126.5714286,0,473.97,88.03
12/22/2024,In Model,FL,100,22176952,203789.43,5774641,38560.63,566007,34065.3,63469,13060312,62263.45,0,0,2775992,68900.05,0,0,102803,666.17,0,0,1861232,40233.88,400357,14000,411600,14000,26130832.06,469202,1610301,16.22729667,3.431999437,0,95,0,1716641,626.85,0,108.4285714,0,473.97,124.86
12/29/2024,In Model,FL,100,18175555,110750.44,3027441,19464.03,361964,22190.72,44682,13802077,44838.55,0,0,984073,24257.15,0,0,121828,670.79,0,0,514263,11586.36,171582,6000,176400,6000,19428054.52,401778,1284356,15.12668958,3.196680754,0,75,0,2242813,1880.55,0,126.5714286,0,451.39,128.73
1/5/2025,In Model,FL,100,6224783,29310.02,1285435,4134.16,172987,8872.64,19638,4449932,11003.36,0,0,316429,5299.86,0,0,118200,710.91,0,0,198229,4588.95,0,0,0,0,12365901.52,291928,895430,13.81001476,3.067297416,0,55,0,1807780,835.8,0,126.5714286,0,434.45,0
1/12/2025,In Model,FL,100,5980910,36713.68,2723913,17694.8,148897,6719.38,17230,2803358,6576.06,0,0,304742,5723.44,0,0,88271,699.43,0,0,216471,5024.01,0,0,0,0,13582685.39,312067,983278,13.81367771,3.150855425,0,55,0,2307180,2089.5,71,126.5714286,0,434.45,104.17
1/19/2025,In Model,FL,100,5946133,33873.01,3145106,14813.87,163443,7048.14,18032,2313938,6341.96,0,0,323646,5669.04,0,0,102139,679.32,0,0,221507,4989.72,0,0,0,0,13642995.71,312365,972989,14.02173684,3.114910441,0,56,0,1859769,1044.75,0,125.5714286,0,434.45,192.79
1/26/2025,In Model,FL,100,5256632,30446.38,2169264,10459.59,155102,7477.72,17727,2657192,7679.64,0,0,275074,4829.43,0,0,88566,647.07,0,0,186508,4182.36,0,0,0,0,13731513.31,317142,992893,13.82980171,3.130752155,1,53,0,1120993,2298.45,0,126.5714286,0,440.96,199.21
2/2/2025,In Model,FL,100,10938517,64829.15,5612249,31086.28,235105,13819.59,25548,4931679,19138.22,0,0,159484,785.07,0,0,159484,785.07,0,0,0,0,0,0,0,0,15213947.45,338483,1103203,13.79070529,3.259256743,0,57,0,1586949,626.85,80,126.5714286,0,480,74.21
2/9/2025,In Model,FL,100,8766689,53653.16,2965044,19730.48,282105,15526.84,28944,5435023,17619.99,0,0,84517,775.85,0,0,84517,775.85,0,0,0,0,0,0,0,0,15731171.65,354540,1119379,14.05348113,3.157271394,0,60,0,2337779,2716.35,0,126.5714286,0,480,110.59
2/16/2025,In Model,FL,100,9080444,54433.53,2693180,18526.54,265687,15107.57,27919,6034084,20041.17,0,0,87493,758.25,0,0,87493,758.25,0,0,0,0,0,0,0,0,14863877.76,333835,1058415,14.04352523,3.170473437,1,58,0,1509679,835.8,0,126.5714286,2,480,128.18
2/23/2025,In Model,FL,100,10168693,60919.28,2544925,17831.56,250775,15326.16,28149,7211383,25283.33,0,0,161610,2478.23,0,0,79570,712.08,0,0,82040,1766.15,0,0,0,0,14798982.75,336760,1073934,13.78016037,3.189018886,0,54,0,1177546,2089.5,0,126.5714286,0,555.85,143.42
3/2/2025,In Model,FL,100,11827404,78434.75,3399527,23660.93,254154,15232.86,27579,7534802,26937.39,0,0,638921,12603.57,0,0,63880,710.75,0,0,575041,11892.82,0,0,0,0,15204687.23,339894,1082599,14.04461599,3.18510771,1,58,0,2032578,1462.65,0,125.7142857,0,1010.94,86.54
3/9/2025,In Model,FL,100,13586698,91312.83,4983639,39146.92,248912,13735.96,27218,7695110,26596.08,0,0,659037,11833.88,0,0,103813,717.07,0,0,555224,11116.81,0,0,0,0,16030781.39,352135,1149358,13.9475963,3.263969784,1,59,0,2303374,2925.3,71,125.5714286,1,1010.94,89.42
3/16/2025,In Model,FL,100,13673823,83752.46,4891795,29402.98,238403,13311.68,27427,7793857,27357.73,0,0,749768,13680.07,0,0,57587,675.08,0,0,692181,13004.99,0,0,0,0,15342627.43,347336,1117298,13.73190271,3.216764171,0,63,0,1585370,835.8,0,125.5714286,0,1010.94,110.12
3/23/2025,In Model,FL,100,15465169,86164.87,6165456,29371.11,234318,12914.08,26503,8316964,30145.99,0,0,748431,13733.7,0,0,49358,662.04,0,0,699073,13071.66,0,0,0,0,15296541.94,342714,1099173,13.91640983,3.207260281,1,58,0,1232592,835.8,0,125.5714286,1,1010.94,103.46
3/30/2025,In Model,FL,100,12662722,68620.06,4063292,19839.17,204905,11673.22,24655,7778129,25705.98,0,0,616396,11401.69,0,0,81573,696.22,0,0,534823,10705.47,0,0,0,0,14937879.34,336768,1085701,13.75874144,3.223884098,1,57,0,724046,2089.5,0,125.5714286,1,288.84,89.82
4/6/2025,In Model,FL,100,12021745,72172.35,4002956,21569.65,205319,11798.76,24784,7078276,24574.01,0,0,735194,14229.92,0,0,110856,727.63,0,0,624338,13502.29,0,0,0,0,14705589.77,335800,1075173,13.67741728,3.201825491,0,56,0,2163108,1044.75,0,125.5714286,1,0,46.64
4/13/2025,In Model,FL,100,12911711,83389.64,5297352,36310.24,197390,10965.55,23859,6744126,22350.12,0,0,672843,13763.73,0,0,68745,719.47,0,0,604098,13044.26,0,0,0,0,16446695.34,359996,1186613,13.86020155,3.296183846,1,60,0,2639022,2716.35,71,125.5714286,0,0,85.41
4/20/2025,In Model,FL,100,11971118,73420.04,4627273,26596.65,193352,9924.34,21732,6442382,21692.51,0,0,708111,15206.54,0,0,54632,689.62,0,0,653479,14516.92,0,0,0,0,12833950.82,296628,949414,13.51776024,3.200689079,0,55,0,1275365,1044.75,0,108,1,0,99.27
4/27/2025,In Model,FL,100,9659654,71324.72,4822954,33686.67,144371,8089.31,17535,4095103,16314.25,0,0,597226,13234.48,0,0,47160,653.28,0,0,550066,12581.2,0,0,0,0,14479083.41,331819,1059141,13.67059099,3.19192391,1,58,0,2171268,2298.45,55,125.5714286,0,197.42,125.18
5/4/2025,In Model,FL,100,4665428,69077.42,4025249,26081.81,104089,6102.81,13695,235467,30210.95,0,0,300623,6681.85,0,0,43946,704.49,0,0,256677,5977.36,0,0,0,0,13698320.52,321730,997804,13.72846824,3.101370715,1,57,0,3578727,1044.75,21,125.5714286,0,460.65,172.73
5/11/2025,In Model,FL,100,6225491,71791.05,3812253,23288.64,163067,10388.7,18660,2012729,33201.24,0,0,237442,4912.46,0,0,50555,708.69,0,0,186887,4203.77,0,0,0,0,13207159.25,313459,971560,13.59376595,3.099480315,1,55,0,1857089,2298.45,0,125.5714286,0,460.65,79.24
5/18/2025,In Model,FL,100,10887796,76761.91,4896139,36748.36,209496,13590.46,24907,5514838,21493.49,0,0,267323,4929.6,0,0,62312,689.42,0,0,205011,4240.18,0,0,0,0,14763796.5,335531,1080357,13.66566468,3.219842578,1,57,0,2283030,835.8,91,125.5714286,3,460.65,55.69
5/25/2025,In Model,FL,100,10291458,58005.75,4204461,22614.21,182782,10502.54,22117,5568175,18182.91,0,0,336040,6706.08,0,0,30752,244.12,0,0,305288,6461.96,0,0,0,0,13625111.96,324223,990854,13.75087749,3.056087939,1,60,0,1470213,1253.7,0,125.5714286,0,460.65,52.87
6/1/2025,In Model,FL,100,8701715,44934.78,2588871,12809.74,159868,10085.84,21773,5756540,17523.86,0,0,196436,4515.33,0,0,0,0,0,0,196436,4515.33,0,0,0,0,12590277.4,305412,947106,13.29341953,3.101076579,0,56,0,2644629,1880.55,0,125.5714286,2,391.53,4.05
6/8/2025,In Model,FL,100,8809899,47299.88,2828270,14289.95,160499,10442.67,21522,5588875,17434.55,0,0,232255,5132.71,0,0,24865,396.45,0,0,207390,4736.26,0,0,0,0,13704695.49,318285,981914,13.95712404,3.085015002,1,59,0,1459204,835.8,0,125.5714286,1,391.53,0
6/15/2025,In Model,FL,100,6894217,49363.39,2582439,13455.46,164850,10820.93,22837,3748294,17016.39,0,0,398634,8070.61,0,0,99848,1347.37,0,0,298786,6723.24,0,0,0,0,13108530.22,314930,968185,13.53928249,3.074286349,1,59,0,1612515,3552.15,0,125.5714286,0,391.53,0
6/22/2025,In Model,FL,100,6352520,49445.88,2109788,12093.62,145240,9789.7,20233,3554470,15649.1,0,0,543022,11913.46,0,0,70628,1296.93,0,0,472394,10616.53,0,0,0,0,12989153.46,308488,957931,13.55959193,3.105245585,1,58,0,2381269,1253.7,0,125.5714286,0,391.53,0
6/29/2025,In Model,FL,100,7868205,56540.76,3733685,23550.75,163906,9917.65,24815,3624031,15297.17,0,0,346583,7775.18,0,0,62359,1017.97,0,0,284224,6757.21,0,0,0,0,16118464.43,362176,1271024,12.68147921,3.50940979,0,63,0,4582638,2507.4,50,125.5714286,0,453.96,0
7/6/2025,In Model,FL,100,7691134,46766.32,3654894,17221.37,149603,8794.36,21808,3655184,15252.12,0,0,231453,5498.47,0,0,58869,954.42,0,0,172584,4544.05,0,0,0,0,12070102.21,296309,965059,12.50711325,3.256934484,1,59,0,1864027,1044.75,0,125.5714286,0,478.94,45.56
7/13/2025,In Model,FL,100,7597490,46127,3607093,17915.21,155963,8018.61,22944,3607837,14782.64,0,0,226597,5410.54,0,0,58704,868.69,0,0,167893,4541.85,0,0,0,0,12387213.54,302496,985613,12.56802978,3.258267878,0,61,0,322392,2298.45,0,125.5714286,0,478.94,53.15
7/20/2025,In Model,FL,100,7195500,42843.66,3283553,17707.05,137977,6217.21,20322,3533738,13485.61,0,0,240232,5433.79,0,0,62934,899.58,0,0,177298,4534.21,0,0,0,0,12426358.22,303595,984434,12.62284543,3.242589634,0,62,0,256972,2298.45,0,125.5714286,0,478.94,53.15
7/27/2025,In Model,FL,100,6956478,38217.6,3434556,18142.14,117536,4967.35,17141,3231765,11483.86,0,0,172621,3624.25,0,0,45768,410.73,0,0,126853,3213.52,0,0,0,0,12323953.15,300408,976312,12.62296597,3.249953397,0,65,0,308818,2925.3,0,125.1428571,0,482.56,929.15
8/3/2025,In Model,FL,100,6231209,35445.93,2574714,13291.83,123962,5518.1,16960,3430806,14025.63,0,0,101727,2610.37,0,0,0,0,0,0,101727,2610.37,0,0,0,0,12311137.06,298632,957742,12.85433557,3.207097699,2,61,0,427997,2298.45,0,124.5714286,1,491.63,70.33
8/10/2025,In Model,FL,100,6472062,40305.85,2700362,13771.77,123972,5568.29,16360,3444885,15697.95,0,0,202843,5267.83,0,0,0,0,0,0,202843,5267.83,0,0,0,0,12199965.63,297963,960680,12.69930219,3.224158704,0,56,0,375351,3134.25,0,124.5714286,0,491.63,78.41
8/17/2025,In Model,FL,100,5453099,43503.56,3222927,21311.98,99101,4592.64,13977,1947038,12383.3,0,0,184033,5215.64,0,0,0,0,0,0,184033,5215.64,0,0,0,0,11975193.58,292491,923136,12.97229615,3.156117624,1,57,0,309913,1880.55,0,125.1428571,0,491.63,69.32
8/24/2025,In Model,FL,100,4857361,55221.14,3654240,28152.7,70807,3708.13,11467,943508,17746.47,0,0,188806,5613.85,0,0,20282,136.71,0,0,168524,5477.14,0,0,0,0,13330935.86,313957,1018704,13.0861721,3.244724596,1,60,0,1314203,2089.5,91,125.5714286,0,491.63,69.32
8/31/2025,In Model,FL,100,3773997,39664.32,2595811,13123.87,80780,4043.34,12293,932041,18156.53,0,0,165365,4340.59,0,0,36179,327.59,0,0,129186,4013,0,0,0,0,12189142.21,302454,919789,13.25210696,3.04108724,1,61,0,1056940,2716.35,0,125.5714286,0,410.8,179.07
9/7/2025,In Model,FL,100,4767320,44738.6,2888893,13740.36,121062,6659.49,15062,1502763,18452.77,0,0,254602,5885.98,0,0,89884,818.03,0,0,164718,5067.95,0,0,0,0,11827285.09,295556,898913,13.157319,3.041430389,0,54,0,1003609,1253.7,0,125.5714286,2,479.27,299.99
9/14/2025,In Model,FL,100,6004034,42267.71,2731076,13441.86,109191,6373.86,11383,2507509,14554.98,0,0,656258,7897.01,0,0,491073,2841.32,0,0,165185,5055.69,0,0,0,0,12267749.06,300023,930431,13.18501755,3.101198908,1,55,0,757846,2089.5,0,125.5714286,3,479.27,366.87
9/21/2025,In Model,FL,100,7229097,43236.28,3131387,15563.99,82878,3976.39,9362,2555662,13261.25,0,0,1459170,10434.65,0,0,1291433,5237.73,0,0,167737,5196.92,0,0,0,0,12271369.42,300945,925722,13.25599847,3.076050441,1,56,0,1509828,1044.75,0,125.5714286,0,479.27,475.2
9/28/2025,In Model,FL,100,8551308,48846.1,3722293,18238.85,92749,4954.65,9981,2243734,13682.61,0,0,2492532,11969.98,0,0,2419129,9705.55,0,0,73403,2264.43,0,0,0,0,12755290.63,307798,958108,13.31299877,3.112781759,1,56,0,1035583,3134.25,0,124.8571429,1,512.11,518.53
10/5/2025,In Model,FL,100,9432513,53667.45,3715987,19277.62,119066,7344.51,11617,2239369,15002.81,0,0,3358091,12042.51,0,0,3358091,12042.51,0,0,0,0,0,0,0,0,12899856,307435,960287,13.43333399,3.123544814,0,57,0,2272733,1044.75,0,124.7142857,1,536.74,138.73
10/12/2025,In Model,FL,100,8366732,54009.23,3819659,19444.04,147174,13468.88,15781,2056173,13893.23,0,0,2343726,7203.08,0,0,2343726,7203.08,0,0,0,0,0,0,0,0,13500041.01,317642,999590,13.5055783,3.146907525,1,58,0,3070123,2298.45,0,124.7142857,1,536.74,60.85
10/19/2025,In Model,FL,100,7331267,52341.56,3813434,19870.92,171148,14843.16,19595,1754089,12329.97,0,0,1592596,5297.51,0,0,1592596,5297.51,0,0,0,0,0,0,0,0,13639512.88,317545,1003151,13.59666977,3.159082965,1,63,0,881196,1253.7,0,124.7142857,0,536.74,58.39
10/26/2025,In Model,FL,100,8963638,85328.42,5680274,40677.23,201903,19318.03,22583,1701687,12763.82,0,0,1379774,12569.34,190436,4005.1,1051167,4998.59,57998,1700.65,0,0,80173,1865,0,0,15354018.01,341979,1111104,13.81870465,3.249041608,1,63,0,2921437,2507.4,50,124.7142857,2,530.9,72.62
11/2/2025,In Model,FL,100,8832333,120599.27,3600089,22792.65,220193,22274.92,22879,1838527,16822.03,320198,7830,2853326,50879.67,1153305,25139.53,857219,3885.44,403142,11816.69,0,0,439660,10038,0,0,13692584.79,316612,1009610,13.56225155,3.188792592,0,62,0,2729978,1044.75,0,124.8571429,1,495.87,285.92
11/9/2025,In Model,FL,100,11485517,153810.03,3459121,23873.77,213866,22297.46,22689,2232155,20150.13,773466,19350,4806909,68138.67,1438633,31180.92,2556615,16122.35,364126,10675.4,0,0,447535,10160,0,0,14469176.36,327258,1037788,13.94232383,3.171161591,1,65,0,2782117,5014.8,0,125,2,495.87,365.29
11/16/2025,In Model,FL,100,13084880,174385.82,4896758,44553.65,206572,18299.27,23748,2215163,19837.45,625826,22830,5140561,68865.45,1455330,31506.31,2861882,16019.21,434690,12725.93,0,0,388659,8614,0,0,16116777.89,344135,1135225,14.19698993,3.298778096,2,64,0,3335819,2089.5,71,125.7142857,0,495.87,365.29
11/23/2025,In Model,FL,100,12000619,166109.29,3246309,28050.01,356653,24096.68,35387,2153243,20972.74,1339936,31455,4904478,61534.85,1473540,31934.22,2899086,16707.13,130683,3833.51,0,0,401169,9060,0,0,19205081.38,375877,1283082,14.96792986,3.4135688,1,84,0,3133809,1253.7,0,107.7142857,0,495.87,1439.95
11/30/2025,In Model,FL,100,13165906,183397.6,3644123,38381.66,191254,15961.89,22227,2094392,16457.86,501928,26055,6734209,86541.19,1585272,33923.89,4024935,23593.17,528894,15465.13,0,0,595108,13559,0,0,16556483.92,344091,1125836,14.70594644,3.271913535,2,62,0,4661597,3343.2,60,125.7142857,1,616.99,279.75
12/7/2025,In Model,FL,100,17030132,212268.09,4135561,39047.08,233985,20056.97,29254,2631947,17223.88,936920,31620,9091719,104320.17,1610020,34434.02,6259415,38050.57,595520,17410.58,0,0,626764,14425,0,0,18309119.97,368363,1248246,14.66787794,3.388630237,0,67,0,3507129,1462.65,50,125.7142857,5,554.53,270.55
12/14/2025,In Model,FL,100,17242516,220263.47,4465080,41855.84,274923,22957.44,34351,3081139,17324.7,252365,33600,9169009,104525.49,1553580,32946.77,6430811,40849.01,570959,16690.71,0,0,613659,14039,0,0,22074875.38,414050,1446483,15.26106797,3.49349837,1,74,0,3486205,2507.4,50,125.7142857,2,554.53,270.55
12/21/2025,In Model,FL,100,13356319,185506.05,3785051,23206.53,373984,34481.43,46455,2799638,16753.57,1176260,43740,5221386,67324.52,1068739,27090.13,3244517,17315.88,364177,10661.5,0,0,543953,12257,0,0,25971567.35,467422,1630256,15.93097486,3.487760525,0,97,0,1328740,626.85,0,107.7142857,0,554.53,191.35
12/28/2025,In Model,FL,100,11920711,120921.25,4382289,21772.11,366452,35975.27,36484,3019459,14851.91,191632,26430,3960879,21891.97,38,0.52,3660524,14835.44,35091,1031.01,0,0,265226,6025,0,0,19947040.63,411379,1336723,14.92234414,3.249371018,1,75,0,1690467,2089.5,0,125.7142857,0,592.37,68.71
1/4/2026,In Model,FL,100,4928454,28969.92,1550719,8601.38,165443,11665.08,13661,2154538,5890.82,0,0,1057754,2812.64,0,0,1057754,2812.64,0,0,0,0,0,0,0,0,12667130.68,300801,931744,13.5950762,3.097542894,1,59,0,3860272,1044.75,0,125.7142857,0,642.82,0
1/11/2026,In Model,FL,100,5693018,37291.25,2601251,19596.9,147971,9996.64,13186,2114095,5409.18,0,0,829701,2288.53,0,0,829701,2288.53,0,0,0,0,0,0,0,0,13836754.33,317872,1005645,13.7590843,3.163679091,1,58,0,2589262,2089.5,71,125.7142857,0,642.82,13.33
1/18/2026,In Model,FL,100,4087596,25609.19,1612706,9460.88,140991,9969.01,13167,1935526,4406.37,0,0,398373,1772.93,0,0,398373,1772.93,0,0,0,0,0,0,0,0,14028337.24,323632,1014449,13.82852883,3.134575691,1,60,0,281096,835.8,0,124.8571429,0,642.82,31.34
1/25/2026,In Model,FL,100,4102008,25091.87,1753900,9878.22,143159,9727.19,13249,1792665,3836.3,0,0,412284,1650.16,0,0,412284,1650.16,0,0,0,0,0,0,0,0,14550102.39,330193,1049377,13.86546722,3.178071613,1,62,0,1314256,835.8,0,124.7142857,1,642.82,34.29
2/1/2026,In Model,FL,100,6488164,56290.27,3855655,29129.89,185354,17209.72,16708,1763572,4821.1,0,0,683583,5129.56,0,0,683583,5129.56,0,0,0,0,0,0,0,0,14990149.94,334650,1094703,13.69334873,3.271187808,0,62,0,3658296,2507.4,71,124.7142857,0,709.38,12.9
2/8/2026,In Model,FL,100,5762700,53720.53,2536153,17031.04,218687,23436.4,19690,1758706,5172.73,0,0,1249154,8080.35,0,0,1249154,8080.35,0,0,0,0,0,0,0,0,15723307.96,354892,1123684,13.99264202,3.166270302,1,64,0,1592026,835.8,0,124.7142857,1,709.38,12.9
2/15/2026,In Model,FL,100,6274084,54439.81,2891608,17921.59,232969,23635.02,20088,1724762,4764.68,0,0,1424745,8118.53,0,0,1424745,8118.53,0,0,0,0,0,0,0,0,14995866.8,339369,1078081,13.90977747,3.176722093,1,63,0,1930075,1880.55,0,124.7142857,0,709.38,107.09
2/22/2026,In Model,FL,100,6651224,56815.03,2839573,17645.32,222713,24143.83,19616,1714585,4487.34,0,0,1874353,10538.55,0,0,1874353,10538.55,0,0,0,0,0,0,0,0,15047780.71,339491,1081951,13.90800573,3.18697992,1,61,0,1359867,1253.7,0,124.7142857,1,709.38,175.14
3/1/2026,In Model,FL,100,6113415,73183.9,2267544,21247.57,270434,28314.85,21628,1611248,4809.92,0,0,1964189,18811.56,0,0,1879593,12640.73,0,0,84596,6170.83,0,0,0,0,15516224.41,348344,1105577,14.03450362,3.173808075,1,63,0,2605652,2507.4,0,125,0,684.37,0
3/8/2026,In Model,FL,100,6519529,85798.04,2318301,26885.83,284442,29361.15,22177,1466611,4430.06,0,0,2450175,25121,0,0,2271720,11666.04,0,0,178455,13454.96,0,0,0,0,15662453.5,348764,1133522,13.8175117,3.250111823,1,59,0,1571797,1044.75,0,125.7142857,0,684.37,46.91
3/15/2026,In Model,FL,100,4792279,74248.42,1869007,22541.15,277782,27248.71,22264,1505221,3975.18,0,0,1140269,20483.39,0,0,957758,6752.82,0,0,182511,13730.57,0,0,0,0,15575273.62,352861,1132952,13.74751412,3.210760044,1,64,0,1854897,1880.55,0,125.8571429,0,684.37,65.68
3/22/2026,In Model,FL,100,5551003,70146.41,2036521,22510.13,259821,23279.96,20735,1706162,4381.7,0,0,1548499,19974.62,0,0,1366291,6166.26,0,0,182208,13808.36,0,0,0,0,15150948.63,342736,1121233,13.51275661,3.271418818,0,64,0,960636,1044.75,0,125.7142857,0,684.37,83.68
3/29/2026,In Model,FL,100,7667554,81620.67,3255260,37760.94,259452,20911.66,21528,1749645,4723.13,0,0,2403197,18224.94,0,0,2287083,9753.79,0,0,116114,8471.15,0,0,0,0,16535165.41,361646,1209645,13.66943641,3.344831686,1,66,0,2366836,2298.45,71,125.7142857,0,302.95,107.68
4/5/2026,In Model,FL,100,6587886,69237.5,2440358,25964.99,249384,21802.42,20843,1683914,5074.15,0,0,2214230,16395.94,0,0,2110681,8980.82,0,0,103549,7415.12,0,0,0,0,13709434.81,309747,1000274,13.70567945,3.229325869,1,66,0,1997686,1044.75,0,108,0,16.88,65.68
4/12/2026,In Model,FL,100,6071182,67485.07,2562525,27654.22,218403,21208.26,19368,1921027,6066,0,0,1369227,12556.59,0,0,1265421,5139.95,0,0,103806,7416.64,0,0,0,0,15007963.33,342311,1096594,13.6859798,3.203502079,0,68,0,2902301,2716.35,0,125.7142857,0,16.88,9.38
4/19/2026,In Model,FL,100,6609770,69658.94,2730233,30883.62,232530,20166.84,20651,1915948,6096.46,0,0,1731059,12512.03,0,0,1623011,4842.21,0,0,108048,7669.82,0,0,0,0,14815119.34,340244,1078825,13.7326437,3.170739234,1,66,0,1473546,1253.7,0,126.2857143,0,16.88,0
4/26/2026,In Model,FL,100,7584044,81344.82,3858816,42227.52,229061,20526.93,20220,1828618,5806.3,0,0,1667549,12784.07,0,0,1564588,5493.22,0,0,102961,7290.85,0,0,0,0,14754990.36,337357,1092991,13.49964488,3.239864594,0,62,0,2125131,835.8,71,126.4285714,0,16.88,0